OBJECTID,LST_2015,LST_2020,NDVI_2015
1,22.67820495470,33.65610000000,0.65565300000
2,23.73532205870,26.92520000000,0.68479400000
3,23.60432846740,28.76450000000,0.60056100000
4,24.61637589000,30.48910000000,0.45510100000
5,25.89925905370,28.79470000000,0.57678600000
6,25.65833230260,27.32170000000,0.55540700000
7,26.91744923370,30.07120000000,0.51071000000
8,27.48232411670,30.55320000000,0.50140500000
9,27.28397480650,30.35990000000,0.52209000000
10,26.78222756530,29.38180000000,0.53726000000
11,27.16869001000,29.80330000000,0.47951600000
12,26.61308554630,30.48770000000,0.55990400000
13,26.70438844560,30.07970000000,0.51271500000
14,27.56742271530,31.44940000000,0.48198400000
15,27.59349971460,30.96860000000,0.50751800000
16,26.39678084790,28.41380000000,0.53775200000
17,23.86606842490,25.59590000000,0.55907200000
18,23.11025046770,24.21740000000,0.61289000000
19,24.76577566110,25.20410000000,0.58399300000
20,25.83908023000,27.39410000000,0.58363200000
21,28.82776262210,31.93610000000,0.45386900000
22,26.37677927660,28.90880000000,0.60293400000
23,24.66394465000,27.03880000000,0.68156300000
24,25.15168895020,27.04490000000,0.62247100000
25,24.80584245110,24.76790000000,0.58990900000
26,23.18467998350,23.35810000000,0.81783300000
27,24.47753596670,29.78510000000,0.65071000000
28,27.01439307580,29.54280000000,0.51810500000
29,28.35695701830,32.17100000000,0.45838900000
30,28.12350058890,31.89360000000,0.51202800000
31,27.21509570110,30.56350000000,0.55783200000
32,26.52269790630,29.03820000000,0.57928600000
33,25.74506226610,29.61830000000,0.58703600000
34,27.47252768630,31.13850000000,0.47147700000
35,26.62241014470,29.48870000000,0.57291800000
36,25.05997079440,27.04860000000,0.44563300000
37,25.48333998840,27.78560000000,0.57942300000
38,27.18194934670,29.81750000000,0.46731900000
39,26.75398392630,29.80400000000,0.27766800000
40,27.34452683500,30.48480000000,0.52921400000
41,26.80182621210,29.18640000000,0.56406000000
42,26.58119013390,28.73830000000,0.53093300000
43,25.23915144260,28.91980000000,0.68581300000
44,24.38358705630,27.48680000000,0.67935000000
45,26.68685336940,29.74350000000,0.54485400000
46,26.33725533000,29.11350000000,0.57003900000
47,26.29407645390,29.27110000000,0.57478900000
48,26.39043452420,28.55180000000,0.58928600000
49,24.53389109890,27.53040000000,0.68007600000
50,25.58508105160,28.50120000000,0.61983300000
51,24.16900691440,24.57390000000,0.58732200000
52,24.60491884260,23.75900000000,0.53676300000
53,25.37841077210,24.50870000000,0.52806400000
54,25.14648678830,23.71810000000,0.57762000000
55,25.54849446780,25.27190000000,0.70196500000
56,25.60466970420,23.99640000000,0.48914200000
57,23.80929195780,24.46240000000,0.70627400000
58,26.09848364630,28.24820000000,0.43525500000
59,25.45427366810,28.12000000000,0.60543400000
60,23.98109021580,29.31270000000,0.69503200000
61,25.58197127410,28.76570000000,0.61956800000
62,27.22284811090,31.15870000000,0.47588300000
63,27.09227795840,30.35890000000,0.54322500000
64,28.16311606140,30.73990000000,0.54095000000
65,29.70141652950,34.14530000000,0.38071100000
66,29.21541174790,33.25340000000,0.42531600000
67,27.47909388260,30.73110000000,0.48695400000
68,28.12494028130,30.91790000000,0.47157400000
69,28.26982582530,31.93180000000,0.48505700000
70,27.86686556900,31.24240000000,0.53163300000
71,26.99264777770,29.62020000000,0.47479300000
72,24.65534962890,26.70250000000,0.51444600000
73,25.92709661210,26.93520000000,0.49038000000
74,26.61349530890,29.31210000000,0.53324600000
75,28.00422073830,32.12640000000,0.43448500000
76,28.18278624580,31.76960000000,0.49747600000
77,26.97722408080,29.31940000000,0.54523100000
78,26.28768404580,29.83660000000,0.59030900000
79,27.11274241950,30.70270000000,0.51969700000
80,25.60221428450,29.80120000000,0.58978000000
81,26.72737933790,29.15360000000,0.58451800000
82,26.63486345710,29.45460000000,0.58766200000
83,27.41990816790,30.30270000000,0.53417100000
84,27.22913499530,29.56160000000,0.54176600000
85,25.75798089370,27.90550000000,0.56901300000
86,24.86889276920,25.49820000000,0.58240100000
87,26.00397839160,25.69280000000,0.53026500000
88,26.39509077430,27.01410000000,0.56376000000
89,25.53429888990,27.71080000000,0.54565900000
90,26.53799904260,29.66910000000,0.48830900000
91,24.39310627880,24.55970000000,0.65774000000
92,23.55544678370,22.59410000000,0.65471000000
93,22.88550381750,25.36330000000,0.68480500000
94,24.04595264210,26.24740000000,0.62646800000
95,22.69195488440,23.38820000000,0.66379800000
96,24.55360856580,25.86090000000,0.58068300000
97,27.56105219510,30.11070000000,0.54315300000
98,26.76227701700,28.79950000000,0.58408900000
99,26.65964857320,24.80440000000,0.51283900000
100,27.68835266260,31.14150000000,0.48544200000
101,27.23086712060,29.77960000000,0.53134400000
102,25.88962463470,27.61340000000,0.58480700000
103,24.80755146110,26.89410000000,0.59784600000
104,25.31062559440,27.01480000000,0.60377400000
105,29.05104327950,32.56940000000,0.37661500000
106,30.44728723720,35.68790000000,0.31871200000
107,29.00885771680,33.19590000000,0.40376900000
108,28.64980959610,32.14820000000,0.45025100000
109,27.01910034890,29.87260000000,0.52814000000
110,27.89699069110,31.39880000000,0.48423300000
111,27.41944843420,30.50460000000,0.53209900000
112,24.57211784370,25.85250000000,0.65719800000
113,25.01150664670,25.93690000000,0.61494500000
114,27.66937365680,29.54710000000,0.51721600000
115,27.40731712830,29.78050000000,0.51557700000
116,27.16225742050,30.17000000000,0.53640500000
117,27.54226562170,30.46060000000,0.46916500000
118,28.77688209630,31.22200000000,0.42915200000
119,26.76947661830,29.40060000000,0.45274200000
120,26.67480979050,29.71620000000,0.48160100000
121,28.36660976000,31.18950000000,0.49621700000
122,26.91582906110,29.58850000000,0.57010900000
123,25.91248139420,29.52420000000,0.59943700000
124,27.32278443000,30.46870000000,0.52511800000
125,27.39505256630,30.45720000000,0.51833700000
126,28.10943540330,31.18640000000,0.47191400000
127,26.09945308470,29.14840000000,0.56537700000
128,25.53311337780,28.03270000000,0.53001100000
129,26.56836145420,28.83770000000,0.54839100000
130,25.83396687630,27.61590000000,0.59253400000
131,27.80752085280,30.20350000000,0.49056300000
132,25.10635836740,25.80090000000,0.62707000000
133,24.34540417500,23.17760000000,0.58391500000
134,24.12802509890,22.80860000000,0.61749300000
135,24.03695951830,23.24640000000,0.59379700000
136,23.78772223050,24.16590000000,0.63960500000
137,24.27758179670,25.68190000000,0.56095400000
138,26.50122034790,29.26210000000,0.57353400000
139,27.58868040110,31.05830000000,0.51089600000
140,26.59466177440,28.82310000000,0.55803200000
141,25.59557497260,28.07190000000,0.53554700000
142,24.88858452000,29.91350000000,0.58137100000
143,26.67239539970,29.61610000000,0.49859300000
144,26.92205656470,29.20810000000,0.45678200000
145,28.03912052150,30.93690000000,0.40414900000
146,25.90208162910,27.34050000000,0.59400100000
147,25.38356778470,26.28290000000,0.59485700000
148,28.18150330480,31.13710000000,0.48719200000
149,29.32928210050,33.47860000000,0.67404100000
150,28.49480602440,32.26430000000,0.45832000000
151,27.14435778950,30.55350000000,0.47525000000
152,26.08896494980,27.84090000000,0.48252100000
153,25.44252363260,27.42050000000,0.52128600000
154,27.38911916130,29.86280000000,0.50275400000
155,25.97214630500,28.01160000000,0.50947300000
156,26.03040308420,28.13500000000,0.43112400000
157,27.47702192500,30.20450000000,0.55223200000
158,29.98467244420,34.46880000000,0.35888600000
159,28.92133894130,33.93110000000,0.34331000000
160,27.39162455210,30.91520000000,0.50904400000
161,28.72102024560,31.82950000000,0.39367200000
162,29.21149033530,31.85150000000,0.40582200000
163,28.67699311820,30.92650000000,0.41168300000
164,26.88353624730,28.76860000000,0.53368600000
165,27.22643024630,30.55290000000,0.54916500000
166,27.38308791830,32.68120000000,0.47741300000
167,27.59889448420,30.52410000000,0.50244800000
168,26.71344951250,28.11800000000,0.55779200000
169,25.66309585890,28.17950000000,0.60167100000
170,25.87611982630,29.21040000000,0.60783600000
171,26.35939250630,29.62760000000,0.55757200000
172,27.37650751970,29.73730000000,0.52463900000
173,28.32370619220,30.89220000000,0.50959400000
174,27.79901855580,29.78520000000,0.50671900000
175,27.52875616680,29.18560000000,0.52930000000
176,25.25027499890,24.60030000000,0.53992100000
177,24.39830432030,23.59220000000,0.56094000000
178,24.97557412840,24.20390000000,0.48176000000
179,26.46762665020,26.01090000000,0.49371000000
180,25.84657957000,28.02650000000,0.52224900000
181,26.69111403000,29.43990000000,0.54794200000
182,24.17244989070,24.80860000000,0.65114300000
183,23.85342417050,24.26270000000,0.67108700000
184,24.38958410860,29.85250000000,0.42332400000
185,24.97933195160,27.57960000000,0.60870200000
186,27.20563492430,29.38050000000,0.71905000000
187,27.63544331210,30.19710000000,0.47140700000
188,26.71888425890,29.09250000000,0.56797600000
189,26.99917136710,29.11390000000,0.52953700000
190,25.41482967530,27.65670000000,0.62752400000
191,25.40221750760,29.36230000000,0.59611400000
192,28.04764453110,31.46820000000,0.41203400000
193,28.08715269730,31.79130000000,0.45870700000
194,26.17946673420,27.83070000000,0.56179800000
195,25.83692148060,26.52440000000,0.53976700000
196,26.35602445740,27.62170000000,0.67787200000
197,28.37672810910,30.21410000000,0.51658300000
198,26.69053646980,27.62660000000,0.51444400000
199,28.26378932210,31.86650000000,0.39413000000
200,27.39197855760,32.10890000000,0.60987700000
201,28.41100404320,33.71860000000,0.42694000000
202,28.53493225370,33.71740000000,0.36559400000
203,28.10337224890,31.16780000000,0.40540000000
204,28.86236152690,31.89990000000,0.35161800000
205,29.55646050000,32.94040000000,0.28030500000
206,29.94026869290,33.52830000000,0.26684400000
207,26.34538272720,29.89500000000,0.21963600000
208,19.82383800000,21.43710000000,0.24060500000
209,25.43404959410,29.45870000000,0.34541500000
210,28.06407501320,30.59560000000,0.48821400000
211,27.15252779360,28.85490000000,0.54391000000
212,25.56218431530,28.07210000000,0.61391800000
213,26.50004576520,28.54570000000,0.55755600000
214,27.72807964950,29.59940000000,0.49551200000
215,28.94220685290,31.24260000000,0.48262300000
216,30.49211322940,33.69440000000,0.27935600000
217,29.60830047000,32.62010000000,0.40075900000
218,27.40599149270,29.30770000000,0.51948200000
219,25.53267141160,27.12810000000,0.79923300000
220,24.23930484700,27.79840000000,0.64675800000
221,24.52105742210,28.59950000000,0.58483200000
222,24.24170976970,28.70210000000,0.50256200000
223,24.94760033320,25.32520000000,0.53550600000
224,23.16897224070,25.40610000000,0.65368100000
225,22.61235573160,25.08210000000,0.63723200000
226,22.17636566160,22.95620000000,0.70337000000
227,25.76184865320,27.17280000000,0.57824200000
228,25.01519895220,27.18580000000,0.65316600000
229,25.28908251840,28.36280000000,0.59396000000
230,27.14557486220,29.85640000000,0.42099100000
231,29.18555535890,32.76840000000,0.35556600000
232,28.63768828440,31.97600000000,0.42764900000
233,28.71382862210,31.25430000000,0.36558300000
234,27.30252616530,31.41090000000,0.49323800000
235,24.54470427940,32.16340000000,0.59721100000
236,26.53696963890,30.06170000000,0.53366900000
237,27.10239598610,29.57000000000,0.52658300000
238,27.19966575050,29.56320000000,0.46615100000
239,27.54872188170,30.89380000000,0.44987900000
240,28.09111934680,31.84190000000,0.30379500000
241,30.42179977940,33.89260000000,0.32797400000
242,29.40553792680,31.95170000000,0.34218600000
243,28.19237069370,31.23010000000,0.41964200000
244,27.91449221940,29.37680000000,0.45220700000
245,26.29859772370,28.22900000000,0.55798900000
246,26.12506380440,28.04690000000,0.55409800000
247,26.47219716050,28.41850000000,0.48891900000
248,26.82827922170,27.97790000000,0.56589700000
249,28.53927973530,31.18360000000,0.43701000000
250,28.41705720330,31.01170000000,0.39160300000
251,27.79317194260,30.98900000000,0.50581500000
252,28.86791900000,32.69610000000,0.37609200000
253,28.10570100000,29.32590000000,0.40931000000
254,28.48588066840,32.42030000000,0.32771900000
255,27.86873927890,29.94200000000,0.45693500000
256,28.23170790630,30.26530000000,0.30550300000
257,28.12750660170,30.07360000000,0.52949800000
258,27.76288948470,29.22650000000,0.53305600000
259,27.67977763000,29.10130000000,0.56729500000
260,29.61468677050,31.81100000000,0.40901300000
261,28.50098192050,30.46330000000,0.42341900000
262,28.58066853720,30.71760000000,0.42797900000
263,28.72726084110,31.00960000000,0.45633700000
264,25.81289519390,27.29940000000,0.58197200000
265,24.67609761000,24.74620000000,0.39744500000
266,26.42704165170,28.43540000000,0.51697900000
267,28.63450457320,30.64440000000,0.33550300000
268,26.18859255890,28.01830000000,0.54456100000
269,25.16872224110,26.81820000000,0.63672100000
270,22.88012798420,26.90130000000,0.74181300000
271,26.66324911900,28.23190000000,0.55119400000
272,24.72774769000,27.42970000000,0.69882200000
273,25.68366920430,27.78180000000,0.63316600000
274,27.51689198680,30.89160000000,0.34920500000
275,28.46819091580,31.98280000000,0.47302100000
276,28.20479349740,31.40050000000,0.48038300000
277,27.78428393340,30.34620000000,0.46807900000
278,26.57415336220,30.33290000000,0.46710000000
279,27.06508371160,31.09890000000,0.43982900000
280,27.42659429470,29.20960000000,0.49391300000
281,27.31301009210,28.78650000000,0.46237500000
282,28.55688900820,31.49340000000,0.41698300000
283,27.43189122630,29.94640000000,0.47355200000
284,28.81391275040,32.23190000000,0.36291600000
285,28.90117009840,33.10340000000,0.30048500000
286,28.29849237710,30.96260000000,0.39161200000
287,27.86539799810,30.08740000000,0.44201000000
288,27.39754112470,29.46510000000,0.42415900000
289,26.76776857270,29.07350000000,0.47349700000
290,26.50480826950,28.46280000000,0.50649600000
291,28.72351985020,30.60510000000,0.41012000000
292,28.95823704050,30.87140000000,0.43254900000
293,28.12287621380,30.51460000000,0.49370900000
294,28.20651250160,31.22540000000,0.45503500000
295,27.17580062780,29.76370000000,0.51385400000
296,27.34181603690,30.28540000000,0.47431300000
297,27.39763107260,29.80800000000,0.50487500000
298,28.29138175930,29.98870000000,0.45855600000
299,28.43892786740,29.32280000000,0.43319700000
300,28.48107713520,26.69960000000,0.43910200000
301,27.18352510050,27.88440000000,0.53224400000
302,27.92529382780,29.52530000000,0.53156900000
303,27.25597313260,29.13180000000,0.58637300000
304,26.77490759510,28.52270000000,0.52189700000
305,27.97550368940,30.48700000000,0.43934900000
306,28.16672554950,30.46940000000,0.45872900000
307,28.14060068320,30.44640000000,0.50116600000
308,28.47565659110,30.57580000000,0.50669100000
309,25.04206613710,26.10910000000,0.69929400000
310,22.98696609470,23.47250000000,0.74379500000
311,27.07584484630,29.40920000000,0.54632600000
312,27.24820763110,29.28960000000,0.51412200000
313,24.96188942420,27.20040000000,0.64914500000
314,23.95702941700,26.16770000000,0.65348800000
315,26.39628113740,27.12520000000,0.45656300000
316,26.54215718940,26.53850000000,0.55028400000
317,28.74542032160,32.64610000000,0.37670600000
318,28.96214699780,33.32180000000,0.33509900000
319,29.48758040110,33.94130000000,0.32173300000
320,28.23053247610,31.60950000000,0.43085900000
321,28.34639147210,31.71310000000,0.46313500000
322,27.19877626580,29.60970000000,0.48881800000
323,29.30226108670,30.83540000000,0.36610600000
324,27.66339711890,28.47260000000,0.50255300000
325,28.15666526610,29.88740000000,0.44674800000
326,26.91131278840,29.60610000000,0.46738400000
327,27.30159059610,30.12190000000,0.45073500000
328,28.03047447740,30.66390000000,0.39965400000
329,29.33401491440,32.32170000000,0.30691000000
330,30.16651710470,33.38850000000,0.25109400000
331,29.96412434740,32.71940000000,0.31643700000
332,29.17028753670,31.46220000000,0.34914800000
333,28.03308296630,30.00890000000,0.41445400000
334,28.27892277780,30.33130000000,0.34786800000
335,29.43313194210,31.62730000000,0.38121200000
336,27.76567120670,29.81260000000,0.43043900000
337,28.49257678950,31.01920000000,0.39921700000
338,28.08774574560,30.26960000000,0.45442600000
339,26.89032494630,28.31530000000,0.53310400000
340,27.69917639260,28.69140000000,0.46861300000
341,27.16788693720,27.57010000000,0.47545600000
342,27.09416686420,28.18650000000,0.46171300000
343,27.88577663170,30.24570000000,0.35960500000
344,29.45787760740,28.99240000000,0.38669300000
345,24.95254580170,26.79360000000,0.56962100000
346,25.50301858890,27.96550000000,0.58972400000
347,28.05463103940,31.21900000000,0.54671800000
348,28.11655461260,31.33000000000,0.24068100000
349,27.62106164320,30.43060000000,0.51573100000
350,27.08029500000,29.92070000000,0.50632700000
351,27.79466100000,30.62990000000,0.45707100000
352,31.70487600000,34.86650000000,0.25093200000
353,26.42061700000,29.40630000000,0.49103400000
354,26.09486074500,27.46940000000,0.43630800000
355,26.58125398580,29.18970000000,0.53186900000
356,24.67915694890,27.24880000000,0.65661200000
357,22.38849278000,29.14750000000,0.74787000000
358,24.50592618740,29.06620000000,0.77427200000
359,28.49221173780,31.05570000000,0.32277300000
360,29.26277062950,31.23720000000,0.42917200000
361,31.29769604280,32.75790000000,0.11585400000
362,30.76183224890,32.44840000000,0.45329500000
363,31.61907513660,35.56510000000,0.24247000000
364,29.42301780110,32.28600000000,0.32381000000
365,29.88038233140,33.20520000000,0.30920400000
366,29.46511657190,32.17310000000,0.40544100000
367,27.72870928470,29.30080000000,0.48887900000
368,28.53010347200,30.55560000000,0.45097900000
369,29.99636567050,33.68640000000,0.32804600000
370,30.65996546910,33.81340000000,0.29599800000
371,28.72684108420,31.21170000000,0.37273000000
372,27.69551009540,29.69760000000,0.37470200000
373,29.67601124630,32.70410000000,0.29484700000
374,30.29922707020,33.55260000000,0.24235900000
375,29.86683333800,32.90080000000,0.26358200000
376,28.47065948580,31.63610000000,0.28530600000
377,29.62208985050,32.37070000000,0.30998700000
378,30.78055140530,34.27330000000,0.28232100000
379,29.31134354470,32.37890000000,0.34139400000
380,27.40514671890,29.14560000000,0.47173600000
381,26.83245531130,28.11920000000,0.55073600000
382,28.12881750890,29.42510000000,0.47068000000
383,28.86686838990,30.79100000000,0.59181900000
384,27.79213307070,29.66830000000,0.48227600000
385,27.15265298420,29.21060000000,0.47782400000
386,27.12296807490,28.82580000000,0.47675600000
387,27.42709400530,29.34120000000,0.45426100000
388,28.43758969520,30.76850000000,0.45013100000
389,27.56212578370,29.58740000000,0.28955000000
390,25.40361880110,27.99500000000,0.48487300000
391,26.78673495420,28.40400000000,0.43803900000
392,26.40388673160,27.43910000000,0.17321900000
393,26.55141074710,27.64810000000,0.18793900000
394,27.51096500000,29.03710000000,0.49623100000
395,24.92352400000,27.78610000000,0.54275300000
396,23.16324400000,26.13350000000,0.86557600000
397,28.31761800000,28.41500000000,0.38793100000
398,24.63000431110,23.85590000000,0.59531400000
399,25.21573185130,26.23190000000,0.33549400000
400,22.99713020680,25.16960000000,0.60571300000
401,24.28029268240,31.11130000000,0.63943400000
402,25.61607572850,29.35770000000,0.53347800000
403,27.52650641740,30.25960000000,0.51538600000
404,26.59806924500,28.18580000000,0.54227200000
405,25.33992306740,25.71720000000,0.51977300000
406,23.84487523390,24.51780000000,0.33911000000
407,24.20864839530,26.10300000000,0.18191500000
408,27.43408106890,29.24300000000,0.44228100000
409,29.20810229790,31.62220000000,0.36015100000
410,28.29449153680,30.55360000000,0.43886100000
411,28.46153366110,30.41730000000,0.39262300000
412,30.29752121630,33.18970000000,0.03098000000
413,31.39021768060,34.15640000000,0.22364200000
414,30.85666731260,33.99060000000,0.24393000000
415,29.72943974060,32.77940000000,0.27815300000
416,29.16849524160,32.28250000000,0.26635900000
417,29.50378712390,33.14440000000,0.19268200000
418,30.10792104840,33.87720000000,0.11440000000
419,30.49960415320,33.95600000000,0.06823600000
420,30.84853535670,34.23080000000,0.12585700000
421,29.94662448470,33.22260000000,0.09940300000
422,29.35286677170,32.79120000000,0.28673300000
423,29.35518709420,32.45070000000,0.30695300000
424,28.46602772440,30.47110000000,0.39824500000
425,28.54388706630,30.43720000000,0.36813600000
426,29.43860210670,31.77100000000,0.40181700000
427,29.51086691160,32.13180000000,0.36204300000
428,28.65093505530,30.48900000000,0.39470700000
429,27.30105257440,29.12840000000,0.49656500000
430,27.03739974840,28.69390000000,0.52639200000
431,26.14255478330,28.97670000000,0.57777600000
432,27.16501582260,30.16520000000,0.52324500000
433,25.79660685170,26.07690000000,0.55329700000
434,24.18398268370,23.13370000000,0.62248400000
435,24.06024214220,23.41980000000,0.62793500000
436,23.92154470950,23.47360000000,0.61270800000
437,27.17177190890,28.22200000000,0.53367300000
438,27.43767842940,29.57010000000,0.50961600000
439,26.66979269680,30.92820000000,0.54221500000
440,24.18637130000,28.74250000000,0.59483800000
441,24.25019432840,25.33610000000,0.44934500000
442,22.22733946670,24.51550000000,0.74271100000
443,22.40632245160,25.82810000000,0.56811900000
444,20.58557162560,24.31550000000,0.86079000000
445,21.39290950420,25.38690000000,0.77030600000
446,24.43803551530,30.19360000000,0.61710800000
447,27.44778479720,32.98380000000,0.46231700000
448,27.49236619420,33.12730000000,0.41025100000
449,28.47694639940,32.55330000000,0.35419100000
450,26.31946826530,29.38540000000,0.50935600000
451,25.68385383420,27.36440000000,0.51083600000
452,25.07567824510,26.94550000000,0.58260000000
453,22.06718890580,23.45860000000,0.32323400000
454,22.26930392930,24.16370000000,0.32007700000
455,26.07411776110,26.63090000000,0.47401700000
456,30.27119173170,32.63920000000,0.32949600000
457,31.15434750320,34.26580000000,0.34881800000
458,30.82407619210,33.67950000000,0.32243500000
459,30.11350833810,32.63540000000,0.39668400000
460,31.60043646000,33.33300000000,0.31266200000
461,32.06904184710,35.26870000000,0.03475000000
462,30.70781354110,33.95860000000,0.29415800000
463,29.86817782230,33.27270000000,0.32690600000
464,29.97733669370,33.99840000000,0.22949100000
465,30.24906454960,34.04430000000,0.11875600000
466,31.28869178520,34.75320000000,0.19907600000
467,30.34471387840,33.61370000000,0.29009600000
468,30.35864949000,33.83760000000,0.29976500000
469,32.51988384000,37.24320000000,0.06116400000
470,31.79716250000,35.98040000000,0.26233100000
471,29.44184689370,32.45550000000,0.35830700000
472,29.51692655920,32.17040000000,0.38545300000
473,31.32160798050,34.29500000000,0.29218700000
474,29.36127882850,31.81980000000,0.39631600000
475,31.21050339410,34.18490000000,0.29450700000
476,28.91016488790,30.86250000000,0.42781800000
477,27.23474963760,28.65090000000,0.48033600000
478,27.36493001580,28.81860000000,0.48725900000
479,26.67070059200,28.26680000000,0.54298900000
480,25.89781988740,25.95980000000,0.51521300000
481,25.81346875050,25.52960000000,0.52916200000
482,24.74951508050,24.40280000000,0.60125700000
483,27.18148154750,28.22940000000,0.54401100000
484,28.86693466730,31.27250000000,0.47408400000
485,27.48752899630,30.05650000000,0.49475700000
486,26.73285932130,28.23760000000,0.54043900000
487,26.34355168260,27.17450000000,0.47871800000
488,24.93615485810,26.45360000000,0.56475800000
489,21.99069321840,24.12930000000,0.79467100000
490,22.30264145960,26.79360000000,0.77522000000
491,24.39417092530,31.68040000000,0.63005900000
492,27.00420844930,31.81180000000,0.44330800000
493,24.23386063240,34.57100000000,0.58978000000
494,24.22316998320,29.18790000000,0.64828000000
495,25.43627462100,30.77960000000,0.60578500000
496,27.32846114160,32.95120000000,0.70968400000
497,28.02432172580,33.52590000000,0.34074800000
498,27.98345171680,33.01140000000,0.45827400000
499,26.36384571610,30.31170000000,0.51186000000
500,27.32438350370,32.65500000000,0.49893200000
501,27.19036780330,29.88660000000,0.42265700000
502,26.39833994470,28.30290000000,0.46693300000
503,25.94752720390,27.60820000000,0.55779500000
504,24.70051346630,26.42420000000,0.51387500000
505,26.63839977110,28.08690000000,0.51283400000
506,29.02348924110,31.08730000000,0.60703600000
507,28.62642925110,30.74670000000,0.48727500000
508,28.62354147940,30.71380000000,0.46616000000
509,30.25911346530,32.21780000000,0.29731200000
510,29.99374552170,31.78610000000,0.39101000000
511,30.23791574470,33.53400000000,0.19409200000
512,28.72176735670,31.94530000000,0.35571800000
513,30.02311017790,33.02020000000,0.32057100000
514,30.86295644720,34.01960000000,0.25448300000
515,29.63793330420,32.37470000000,0.31120200000
516,30.99077962370,33.97640000000,0.26452500000
517,27.88353000000,28.89530000000,0.48455600000
518,26.55813959780,29.97380000000,0.53711900000
519,26.47430593890,30.51590000000,0.60386200000
520,26.41823286560,30.37590000000,0.53107400000
521,27.28195800000,32.08600000000,0.56644300000
522,21.90541300000,30.68070000000,0.74745900000
523,24.54890295830,30.14010000000,0.60771300000
524,23.07078753840,30.92380000000,0.68649700000
525,23.78140977610,26.64250000000,0.67771300000
526,26.23801281950,30.99040000000,0.64428300000
527,25.44187123280,30.76840000000,0.58011300000
528,24.37695090050,28.93710000000,0.67889500000
529,23.17262243610,27.89080000000,0.77831500000
530,28.16993316500,30.79290000000,0.49102500000
531,27.17675902000,29.50370000000,0.52098100000
532,26.84976317990,26.86860000000,0.55637100000
533,28.48693006050,30.94810000000,0.50138500000
534,28.26377248980,30.85290000000,0.47813200000
535,28.18134707950,30.55520000000,0.49481500000
536,28.74616778330,31.63300000000,0.45876300000
537,28.37233486460,31.20900000000,0.46166100000
538,29.24673991580,30.25730000000,0.39712100000
539,29.70825993360,31.63770000000,0.24116500000
540,27.35731442740,31.57860000000,0.14903400000
541,27.50117530180,31.41590000000,0.13114900000
542,29.54094948530,34.13160000000,0.08899100000
543,30.49324941330,33.86010000000,0.31624700000
544,29.46433386740,31.85750000000,0.36668400000
545,31.59776221970,35.01480000000,0.36006800000
546,31.42788378520,34.65810000000,0.26160400000
547,30.98025600000,33.30620000000,0.66399100000
548,25.04657300000,27.75540000000,0.59218000000
549,25.29588015960,29.22030000000,0.52630100000
550,24.79644789320,27.06740000000,0.69025800000
551,28.71328472660,32.34460000000,0.25110200000
552,29.89811258680,34.77320000000,0.37111400000
553,26.36659149400,31.38360000000,0.55130200000
554,22.94713916580,28.64790000000,0.66806900000
555,26.72847870110,25.32860000000,0.54794100000
556,26.31129314720,24.59090000000,0.56561000000
557,27.00945593580,28.38020000000,0.40722500000
558,27.94176253330,30.50690000000,0.50901700000
559,28.05353112110,30.25720000000,0.48172600000
560,27.87513224220,29.45110000000,0.52193400000
561,29.22211418110,31.69590000000,0.41417900000
562,28.81632924530,30.89910000000,0.44774800000
563,29.55612291780,32.25640000000,0.34160100000
564,29.71397925210,33.75650000000,0.14013000000
565,26.76031970060,30.87240000000,0.21465100000
566,30.44884355790,35.44140000000,0.16629600000
567,30.43322482780,33.97070000000,0.16813900000
568,27.61770358840,29.65530000000,0.48393400000
569,28.99768807610,31.69640000000,0.36688800000
570,30.25227742530,34.32800000000,0.37997400000
571,30.07243160680,32.95320000000,0.29640400000
572,25.87231361010,24.76320000000,0.54910000000
573,25.93676732580,24.92900000000,0.54073700000
574,26.99960690430,27.36520000000,0.53400400000
575,27.96603180790,29.99350000000,0.50997400000
576,27.75347441240,30.42170000000,0.51115600000
577,28.89468385580,32.05540000000,0.47276600000
578,29.21199372790,32.87860000000,0.40166700000
579,29.82812733860,33.20170000000,0.14531400000
580,26.83709578110,30.12000000000,0.51117200000
581,27.35686100580,31.33320000000,0.31143700000
582,25.77545077370,27.75000000000,0.47340700000
583,26.43405241500,27.99920000000,0.50066700000
584,25.85847268050,28.60090000000,0.45987900000
585,26.67642885260,27.35490000000,0.48833400000
586,29.20369485110,31.99770000000,0.35466000000
587,28.45136592540,32.24300000000,0.33380800000
588,28.31774122660,30.68910000000,0.42345000000
589,25.93185911640,24.44490000000,0.56760900000
590,25.92899183000,25.44500000000,0.54395600000
591,25.61723084880,24.93510000000,0.55492300000
592,26.09709445110,24.76980000000,0.49327900000
593,26.77807944190,26.95390000000,0.44173100000
594,27.73929315370,30.86540000000,0.32431600000
595,27.61200057630,29.54610000000,0.50015500000
596,26.42412974200,28.78120000000,0.57565900000
597,25.93252978050,27.80830000000,0.54576900000
598,26.12949831160,29.40370000000,0.57062900000
599,24.95013886260,27.12030000000,0.61194000000
600,29.91842555670,32.85550000000,0.11333300000
601,30.49450710580,34.46240000000,0.09240700000
602,31.02372422370,34.62480000000,0.21519600000
603,30.86485257110,35.06910000000,0.28763900000
604,30.49795510840,34.96780000000,0.37364900000
605,29.30708285490,32.08920000000,0.49637800000
606,25.84295167160,26.13500000000,0.44759200000
607,25.51724701330,24.12610000000,0.57785200000
608,25.34993726630,26.32100000000,0.58421300000
609,25.90180757740,29.69150000000,0.58248200000
610,28.04137038780,31.52780000000,0.50310500000
611,29.43818901260,32.38840000000,0.38875600000
612,27.72065672720,29.66540000000,0.45046000000
613,26.40345698050,29.57600000000,0.50223500000
614,24.15858406330,28.01320000000,0.56495000000
615,24.01807878890,26.36420000000,0.62659700000
616,25.53977007720,28.96940000000,0.57067100000
617,25.49171513680,27.15850000000,0.56650700000
618,26.93091476670,29.81940000000,0.46167700000
619,25.53467025370,28.34730000000,0.60229900000
620,25.84551018950,27.93590000000,0.64407000000
621,27.49979355830,30.62180000000,0.49732200000
622,27.32783150630,32.08220000000,0.49467400000
623,23.72108805280,27.30990000000,0.40812200000
624,28.08260427950,32.94780000000,0.07431000000
625,28.78262710170,32.13810000000,0.31621600000
626,29.33265014950,31.47100000000,0.38544400000
627,28.99852148220,29.63960000000,0.54791800000
628,29.04137887790,31.11140000000,0.40943600000
629,30.14926709740,33.06150000000,0.33829500000
630,25.57467129230,25.88970000000,0.52460600000
631,25.35545407050,25.00340000000,0.46556600000
632,25.69999238020,27.77150000000,0.50801900000
633,27.73311778360,30.46290000000,0.46134900000
634,28.30999255740,31.37830000000,0.44682600000
635,27.59808232310,29.76450000000,0.40507700000
636,28.42864382470,32.10300000000,0.35494500000
637,27.60934948040,29.51090000000,0.44193900000
638,25.68087555950,28.94780000000,0.56138100000
639,24.86830574080,29.44160000000,0.62258600000
640,25.11728203950,27.41020000000,0.62477000000
641,25.30802785950,26.45350000000,0.61544700000
642,23.13408087370,30.41120000000,0.75570700000
643,23.38564251680,27.33190000000,0.77215700000
644,24.86611858680,27.23530000000,0.52720100000
645,25.67049157470,28.64870000000,0.58074400000
646,26.65578817780,26.63490000000,0.43162100000
647,25.53602946630,25.99980000000,0.54375600000
648,29.50183424930,30.49040000000,0.41296000000
649,28.91433247370,30.61800000000,0.40757600000
650,28.59029281580,30.64160000000,0.44465700000
651,28.54754494740,30.27370000000,0.46076200000
652,26.24560841950,27.93580000000,0.51283700000
653,26.27184877440,27.11520000000,0.51429700000
654,26.07971451890,28.82280000000,0.73249400000
655,27.18550395420,28.96560000000,0.53227900000
656,26.87452798610,29.27630000000,0.72362500000
657,27.58674152420,30.67980000000,0.31762500000
658,27.73430770830,30.83530000000,0.47194600000
659,28.17146280530,31.03270000000,0.46793000000
660,28.95556414440,32.25690000000,0.42751100000
661,28.14911575050,31.47870000000,0.66093400000
662,27.20282669720,27.95460000000,0.45934300000
663,29.07589888110,24.65460000000,0.34752900000
664,25.88799668890,28.40590000000,0.55879400000
665,25.07419699790,28.48300000000,0.64683200000
666,28.31274096530,32.43660000000,0.40199900000
667,33.00786949170,36.02340000000,0.17042200000
668,31.86253463110,33.63860000000,0.23421700000
669,27.01282065330,27.12970000000,0.47209300000
670,27.70732167420,29.90080000000,0.54568400000
671,25.25575793390,27.17770000000,0.62790600000
672,25.47991197420,25.02050000000,0.60628800000
673,26.12362908000,25.86720000000,0.63223800000
674,27.21317161100,27.82830000000,0.38230800000
675,26.44243440160,30.28530000000,0.48093600000
676,27.22913499530,28.93860000000,0.39975100000
677,29.10190697290,31.40530000000,0.40363000000
678,30.34417419110,34.25870000000,0.26525700000
679,28.40366513660,31.88770000000,0.36235500000
680,28.36087308320,31.36090000000,0.42326600000
681,28.07359423570,30.89950000000,0.46430300000
682,28.49923293370,31.91820000000,0.47919800000
683,27.80682771630,30.61020000000,0.68022800000
684,24.19354714320,29.37380000000,0.71020800000
685,23.73287926330,28.51610000000,0.74880400000
686,24.07058837110,29.73790000000,0.65849700000
687,26.60307871150,29.14430000000,0.56686100000
688,32.29849419250,36.78730000000,0.40339400000
689,35.10392694840,39.85530000000,0.08814800000
690,31.57454619460,34.10280000000,0.36644000000
691,23.63007355370,24.40910000000,0.67583600000
692,24.10585057580,25.74470000000,0.72742300000
693,22.57415522890,25.18670000000,0.80355000000
694,23.55970589540,23.36100000000,0.70267000000
695,25.60204122680,23.42480000000,0.54691600000
696,27.33399793420,31.42720000000,0.12399900000
697,28.29863968940,33.41200000000,0.46367600000
698,26.01388265420,28.83340000000,0.46090900000
699,27.22857900160,29.40600000000,0.48890300000
700,28.18068635110,31.06480000000,0.45310600000
701,27.86933782110,31.13370000000,0.51338000000
702,28.41811214780,32.16820000000,0.54223100000
703,28.87994239530,31.71760000000,0.59408300000
704,27.56437725720,30.95910000000,0.48855600000
705,27.88188055530,30.11700000000,0.49668200000
706,25.17078215890,27.95820000000,0.60401200000
707,24.67714700210,28.01530000000,0.69069000000
708,25.43392750110,29.95630000000,0.62261800000
709,27.63273488110,29.03380000000,0.55831400000
710,29.92287824050,32.67740000000,0.56215000000
711,28.54577097500,30.68320000000,0.39908000000
712,25.67968624840,25.99290000000,0.54047100000
713,23.10746906720,23.51720000000,0.72221000000
714,24.86948558370,26.86380000000,0.55633500000
715,23.85317764670,26.95740000000,0.64684300000
716,24.80656203420,23.79620000000,0.56801900000
717,25.44099562890,23.38700000000,0.57212700000
718,26.24223616240,26.41460000000,0.58197000000
719,26.45146916790,28.46920000000,0.51822800000
720,27.33081398910,29.51150000000,0.42121600000
721,26.43154071210,29.61680000000,0.55126800000
722,26.04456856260,29.05040000000,0.49165400000
723,26.65150855170,30.52810000000,0.53797000000
724,26.98901777530,30.07860000000,0.43364700000
725,27.39169451160,29.76000000000,0.47438400000
726,28.13721264580,31.16290000000,0.43664900000
727,29.46635690600,32.47360000000,0.32212400000
728,27.09393699740,29.12790000000,0.52414100000
729,25.67997660650,26.96870000000,0.61740600000
730,24.97756297630,29.54920000000,0.64992100000
731,24.64092693110,26.00770000000,0.57715300000
732,24.46346078680,27.04910000000,0.74282400000
733,25.01944660860,25.73190000000,0.63159900000
734,25.71638183340,25.73770000000,0.61944200000
735,25.06133444890,24.74450000000,0.62039100000
736,24.08298487420,24.01250000000,0.63680700000
737,24.22356975160,24.48880000000,0.66256700000
738,22.85655006350,26.71600000000,0.70148100000
739,23.92549242260,28.86260000000,0.61169500000
740,23.19136453240,28.52370000000,0.66020300000
741,24.27996708160,27.94580000000,0.61704900000
742,23.89119229210,24.04940000000,0.54276900000
743,23.90442684780,25.18270000000,0.53290200000
744,26.40225767530,29.17420000000,0.55288400000
745,25.80019366280,27.76960000000,0.60578900000
746,23.78696267050,30.63500000000,0.65850200000
747,25.46187242420,29.02450000000,0.54901100000
748,24.74294943940,25.65330000000,0.68484400000
749,25.61474386840,25.17360000000,0.63036000000
750,26.68427930500,27.59150000000,0.55860900000
751,27.22549079050,28.28460000000,0.52899300000
752,26.68057645000,26.55430000000,0.72950800000
753,26.18320456890,25.48890000000,0.64032700000
754,25.07059408500,25.68100000000,0.63200700000
755,24.62447751260,24.24070000000,0.70613900000
756,23.89849806000,24.23770000000,0.69012500000
757,23.43647570160,23.79200000000,0.61959400000
758,24.64677459630,24.79260000000,0.60647800000
759,24.89378539610,23.81010000000,0.57618500000
760,24.37397262580,23.26560000000,0.66734400000
761,25.50129625330,24.26660000000,0.62403800000
762,24.92604282110,26.19910000000,0.54781900000
763,24.85943640500,27.91290000000,0.67498400000
764,26.77692063950,29.23530000000,0.68014300000
765,27.01363296060,29.27070000000,0.55298400000
766,27.98393038690,29.54560000000,0.51597100000
767,26.61672343890,27.97950000000,0.41975500000
768,25.25520477480,26.49290000000,0.38505400000
769,26.61196935080,26.76210000000,0.56847400000
770,26.26127934160,26.54250000000,0.68620200000
771,27.02130801750,27.40750000000,0.57370200000
772,28.57391966890,30.27460000000,0.49978900000
773,29.37201576670,29.31990000000,0.52392000000
774,29.57211143370,27.89690000000,0.46024600000
775,27.09061523740,27.71140000000,0.64669800000
776,24.91010205530,26.86180000000,0.81014100000
777,25.18676862920,25.97230000000,0.68522500000
778,24.56472212790,24.14060000000,0.52042000000
779,26.91917455000,26.45890000000,0.49189100000
780,25.69173611020,26.14600000000,0.61296300000
781,27.32885091580,27.14150000000,0.44772500000
782,25.61872682430,27.99950000000,0.54763100000
783,24.77578986000,25.15900000000,0.67466300000
784,25.65570014320,25.50840000000,0.15293500000
785,25.67501895210,26.91530000000,0.49011200000
786,26.58503232340,28.30200000000,0.55699700000
787,27.52187909790,29.62720000000,0.53382100000
788,28.06876229790,26.70870000000,0.52484000000
789,29.12824750380,27.37900000000,0.49791600000
790,27.10842860260,27.33070000000,0.57059400000
791,26.26635166640,27.94620000000,0.60523200000
792,27.21960420050,27.73550000000,0.47423700000
793,26.31460161080,26.68100000000,0.57795000000
794,24.34094176000,25.90360000000,0.57874900000
795,25.00075638290,27.82550000000,0.55955500000
796,25.54325528050,28.18490000000,0.51315100000
797,25.94138412500,26.11430000000,0.52409400000
798,24.88592606000,27.56840000000,0.59124900000
799,25.84628973790,27.48160000000,0.59464200000
800,26.61880539080,29.26220000000,0.46529300000
801,24.54063219390,27.73970000000,0.71948600000
802,24.42122525320,27.89220000000,0.65288800000
803,24.63548224890,26.01590000000,0.59842300000
804,26.06063557110,29.52150000000,0.52015300000
805,25.58137319950,31.94980000000,0.64822700000
806,27.79047295060,30.91440000000,0.63531500000
807,23.70329100000,27.96210000000,0.70469600000
808,25.92842200000,26.40520000000,0.74060300000
809,25.84639000000,29.57720000000,0.29957100000
810,26.19161000000,26.59150000000,0.66709500000
